Page,Visits,Bounce Rate (%),Average Time on Page (min),CTR (%)
Home,862,36.06069442167567,4.663139438846877,4.810629281105985
Blog,382,49.11249005231711,4.681579425603685,6.535488697521461
Contact,292,34.83045863550118,1.5711725573155704,2.027990068633754
